{
  "total_seasons": 3,
  "seasons": {
    "1": {
      "total_weeks": 5,
      "converged_weeks": 5,
      "avg_consistency": 1.0,
      "avg_acceptance_rate": 0.8079000000000001,
      "weeks": {
        "2": {
          "eliminated": "Trista Sutter",
          "consistency": 1.0,
          "converged": true,
          "fan_votes_mean": [
            0.14620118420336495,
            0.219771673647104,
            0.30882427982959787,
            0.1526811585224463,
            0.1568821871843615,
            0.015639516613126105
          ],
          "fan_votes_std": [
            0.18015488049319042,
            0.18215119202478575,
            0.18337373814749341,
            0.17240651403067875,
            0.1744704389348268,
            0.023905605994145457
          ],
          "hpdi_widths": [
            0.5478353705807413,
            0.6074500143333791,
            0.6607819361252946,
            0.5412258974695184,
            0.5376504589298406,
            0.06892451644865269
          ]
        },
        "3": {
          "eliminated": "Evander Holyfield",
          "consistency": 1.0,
          "converged": true,
          "fan_votes_mean": [
            0.2093746014844178,
            0.30847337347304365,
            0.060509011243575654,
            0.22213582155631792,
            0.19950719224264554
          ],
          "fan_votes_std": [
            0.21628408736634502,
            0.2127539713242225,
            0.06858037616042235,
            0.23209875427938756,
            0.208469037105621
          ],
          "hpdi_widths": [
            0.6545999250184861,
            0.7134185953469607,
            0.20606485215682044,
            0.7184971613290224,
            0.6488727212796872
          ]
        },
        "4": {
          "eliminated": "Rachel Hunter",
          "consistency": 1.0,
          "converged": true,
          "fan_votes_mean": [
            0.4289309215882463,
            0.10408158101041669,
            0.028104155960879933,
            0.4388833414404568
          ],
          "fan_votes_std": [
            0.2261584534161027,
            0.07538618832261483,
            0.037802832591740686,
            0.22684283286972445
          ],
          "hpdi_widths": [
            0.8316746446765917,
            0.24505041504103478,
            0.1116651550360057,
            0.8362650286603078
          ]
        },
        "5": {
          "eliminated": "Joey McIntyre",
          "consistency": 1.0,
          "converged": true,
          "fan_votes_mean": [
            0.36844732371863737,
            0.5116899513090487,
            0.11986272497231369
          ],
          "fan_votes_std": [
            0.33406333689349876,
            0.2914680714778664,
            0.12699018994590508
          ],
          "hpdi_widths": [
            0.9597766210112069,
            0.9526028589932842,
            0.3924442827893775
          ]
        },
        "6": {
          "eliminated": "John O'Hurley",
          "consistency": 1.0,
          "converged": true,
          "fan_votes_mean": [
            0.5059937576875909,
            0.4940062423124099
          ],
          "fan_votes_std": [
            0.3718125673609794,
            0.3718125673609794
          ],
          "hpdi_widths": [
            0.9936282721830563,
            0.9936282721830562
          ]
        }
      }
    },
    "2": {
      "total_weeks": 8,
      "converged_weeks": 8,
      "avg_consistency": 1.0,
      "avg_acceptance_rate": 0.7646166666666667,
      "weeks": {
        "1": {
          "eliminated": "Kenny Mayne",
          "consistency": 1.0,
          "converged": true,
          "fan_votes_mean": [
            0.10463748801679186,
            0.09030907194744008,
            0.12324449372325025,
            0.12726097276971104,
            0.10593197171861629,
            0.08955834053626939,
            0.10418652102094422,
            0.15146624406886355,
            0.090620737551512,
            0.012784158646601514
          ],
          "fan_votes_std": [
            0.13469345873785685,
            0.11559049066206813,
            0.1221623782504588,
            0.13004583615141954,
            0.13359224314938803,
            0.12076650652188925,
            0.12592591214074245,
            0.1310251092717395,
            0.119279256101551,
            0.016403442906243033
          ],
          "hpdi_widths": [
            0.39621855931477296,
            0.34344176977509394,
            0.3778755151620822,
            0.4035330142368687,
            0.38628444746521223,
            0.3530571774751873,
            0.3789930217106378,
            0.41933072773947405,
            0.35498760856140066,
            0.04833088308616273
          ]
        },
        "2": {
          "eliminated": "Tatum O'Neal",
          "consistency": 1.0,
          "converged": true,
          "fan_votes_mean": [
            0.014986718141806547,
            0.1275380834891267,
            0.11054318062948078,
            0.12143686762029868,
            0.1198352801209128,
            0.12174999046797766,
            0.11578269506253779,
            0.14494109046909182,
            0.12318609399876777
          ],
          "fan_votes_std": [
            0.02034211733003948,
            0.1334018653523218,
            0.12828320481218985,
            0.12609429837988928,
            0.13976026404489109,
            0.13512213210851443,
            0.12915463541578082,
            0.1469271510984629,
            0.14209999923823569
          ],
          "hpdi_widths": [
            0.057002564829351274,
            0.40423385449478166,
            0.3850885658659653,
            0.3761155020343037,
            0.42073588476578055,
            0.41195306930146364,
            0.38939666567977255,
            0.46089215713530207,
            0.42884485657235094
          ]
        },
        "3": {
          "eliminated": "Giselle Fernandez",
          "consistency": 1.0,
          "converged": true,
          "fan_votes_mean": [
            0.1079946968661646,
            0.15130406923242604,
            0.11854015087203938,
            0.11736099968643961,
            0.20004824308350494,
            0.007563048374437478,
            0.2026737602278405,
            0.09451503165714673
          ],
          "fan_votes_std": [
            0.14196566302911023,
            0.15483448997762267,
            0.15085314756670506,
            0.14166686385970947,
            0.15293625419140142,
            0.010449186162191884,
            0.15418814740919842,
            0.12481206734219641
          ],
          "hpdi_widths": [
            0.42915388496621903,
            0.48032585897344376,
            0.4559030542699022,
            0.4243635847033378,
            0.5199879189251927,
            0.02838226728656555,
            0.5096453749699712,
            0.3677253646693305
          ]
        },
        "4": {
          "eliminated": "Master P",
          "consistency": 1.0,
          "converged": true,
          "fan_votes_mean": [
            0.17245485514363595,
            0.1695565604281028,
            0.17062316399380742,
            0.1554176487938396,
            0.1440608854324124,
            0.024779185560227245,
            0.16310770064797298
          ],
          "fan_votes_std": [
            0.17776301294891902,
            0.15606670723155974,
            0.17191427177692611,
            0.1742306055486615,
            0.165145877420279,
            0.0327737207237766,
            0.16888943318130087
          ],
          "hpdi_widths": [
            0.5502889805610987,
            0.49376269300317394,
            0.5323907387764352,
            0.5288080645229054,
            0.49720418139225375,
            0.09390838452063109,
            0.5245246741454548
          ]
        },
        "5": {
          "eliminated": "Tia Carrere",
          "consistency": 1.0,
          "converged": true,